{
    "loss": 7.260458946228027,
    "accuracy": 0.5035971403121948
}