{
    "loss": 8.47929573059082,
    "accuracy": 0.6187050342559814
}