{
    "loss": 65.74239349365234,
    "accuracy": 0.5467625856399536
}